{
    "camera": {
        "currentPitch": 23.0,
        "currentYaw": 204.5,
        "fov": 45.0,
        "lookAt": [
            -0.01929113268852234,
            -0.0004222393035888672,
            0.00045925378799438477
        ],
        "orientation": 5,
        "rotateSpeed": 0.5,
        "zoomSpeed": 1.100000023841858,
        "zoomValue": 2.0
    },
    "dataset": {
        "file": "..\\volumes\\cvol\\single_jet.cvol",
        "mipmap": 0,
        "syntheticDataset": -1,
        "syntheticDatasetResolutionPower": 6
    },
    "renderer": {
        "filterMode": 1,
        "stepsize": 0.30000001192092896,
        "tfMode": 1
    },
    "shading": {
        "ambientLight": [
            0.10000000149011612,
            0.10000000149011612,
            0.10000000149011612
        ],
        "aoStrength": 0.5,
        "diffuseLight": [
            0.800000011920929,
            0.800000011920929,
            0.800000011920929
        ],
        "lightDirection": [
            0.0,
            0.0,
            1.0
        ],
        "materialColor": [
            1.0,
            1.0,
            1.0
        ],
        "specularExponent": 16.0,
        "specularLight": [
            0.10000000149011612,
            0.10000000149011612,
            0.10000000149011612
        ]
    },
    "tfEditor": {
        "dvrUseShading": false,
        "editor": {
            "colorAxis": [
                [
                    1.6326770782470703,
                    3.914743661880493,
                    -11.452773094177246
                ],
                [
                    7.754045486450195,
                    9.974061965942383,
                    -21.022075653076172
                ],
                [
                    18.42095184326172,
                    8.263066291809082,
                    -25.561546325683594
                ],
                [
                    25.811504364013672,
                    6.726771354675293,
                    -26.920557022094727
                ],
                [
                    36.01414489746094,
                    3.756403923034668,
                    -27.1141414642334
                ],
                [
                    44.09074020385742,
                    0.710219144821167,
                    -26.52617645263672
                ],
                [
                    52.30260467529297,
                    -2.494990825653076,
                    -24.288177490234375
                ],
                [
                    62.30896759033203,
                    -7.116794586181641,
                    -20.24347686767578
                ],
                [
                    71.69801330566406,
                    -11.282831192016602,
                    -15.87531566619873
                ],
                [
                    82.032958984375,
                    -12.822360038757324,
                    -10.996818542480469
                ],
                [
                    91.02654266357422,
                    -10.711490631103516,
                    -6.904482841491699
                ],
                [
                    98.72686767578125,
                    -5.841940879821777,
                    -2.0136237144470215
                ],
                [
                    99.92584228515625,
                    -0.5219876766204834,
                    1.4293789863586426
                ],
                [
                    99.92584228515625,
                    -0.5219876766204834,
                    1.4293789863586426
                ],
                [
                    98.04830932617188,
                    -6.379157066345215,
                    17.64659881591797
                ],
                [
                    97.62855529785156,
                    -9.685009956359863,
                    30.280101776123047
                ],
                [
                    95.84600067138672,
                    -10.67751693725586,
                    38.89133834838867
                ],
                [
                    94.03079986572266,
                    -9.888172149658203,
                    46.397281646728516
                ],
                [
                    90.95466613769531,
                    -8.247703552246094,
                    53.57669448852539
                ],
                [
                    87.90328979492188,
                    -4.635721206665039,
                    61.45473861694336
                ],
                [
                    83.73603820800781,
                    0.6672441959381104,
                    67.81465911865234
                ],
                [
                    79.36381530761719,
                    6.946891784667969,
                    69.77157592773438
                ],
                [
                    75.17464447021484,
                    13.922304153442383,
                    71.69558715820313
                ],
                [
                    70.53715515136719,
                    21.86387825012207,
                    71.39012908935547
                ],
                [
                    66.6449966430664,
                    29.31740951538086,
                    70.39318084716797
                ],
                [
                    63.00738525390625,
                    35.82310485839844,
                    68.52497100830078
                ],
                [
                    58.461692810058594,
                    43.34095001220703,
                    65.94335174560547
                ],
                [
                    49.84618377685547,
                    47.39877700805664,
                    60.102115631103516
                ],
                [
                    45.37358856201172,
                    51.135719299316406,
                    56.83706283569336
                ],
                [
                    39.32276916503906,
                    49.88560104370117,
                    50.62892532348633
                ],
                [
                    33.494300842285156,
                    48.575164794921875,
                    44.12826156616211
                ],
                [
                    26.51239776611328,
                    45.52936553955078,
                    35.69229507446289
                ],
                [
                    20.350841522216797,
                    38.739532470703125,
                    24.402645111083984
                ],
                [
                    14.970239639282227,
                    30.394733428955078,
                    11.491990089416504
                ],
                [
                    19.98089599609375,
                    4.343390464782715,
                    2.3369789123535156
                ],
                [
                    22.947948455810547,
                    5.16296911239624,
                    2.638500928878784
                ],
                [
                    28.331520080566406,
                    5.041256427764893,
                    3.9216816425323486
                ],
                [
                    31.663288116455078,
                    4.3065996170043945,
                    4.2656660079956055
                ],
                [
                    35.01771545410156,
                    3.85206937789917,
                    5.360454559326172
                ],
                [
                    37.95588684082031,
                    3.780111789703369,
                    5.2764058113098145
                ],
                [
                    41.52659606933594,
                    2.926856279373169,
                    6.17070198059082
                ],
                [
                    44.736270904541016,
                    2.5205910205841064,
                    7.208669185638428
                ],
                [
                    47.03493118286133,
                    1.9008517265319824,
