{
    "camera": {
        "currentPitch": 5.0,
        "currentYaw": 426.5,
        "fov": 45.0,
        "lookAt": [
            0.0,
            0.0,
            0.0
        ],
        "orientation": 4,
        "rotateSpeed": 0.5,
        "zoomSpeed": 1.100000023841858,
        "zoomValue": 4.0
    },
    "dataset": {
        "file": "..\\volumes\\vmhead256cubed.cvol",
        "mipmap": 0,
        "syntheticDataset": -1,
        "syntheticDatasetResolutionPower": 6
    },
    "renderer": {
        "filterMode": 1,
        "stepsize": 0.2,
        "tfMode": 2
    },
    "shading": {
        "ambientLight": [
            0.10000000149011612,
            0.10000000149011612,
            0.10000000149011612
        ],
        "aoStrength": 0.5,
        "diffuseLight": [
            0.800000011920929,
            0.800000011920929,
            0.800000011920929
        ],
        "lightDirection": [
            0.0,
            0.0,
            1.0
        ],
        "materialColor": [
            1.0,
            1.0,
            1.0
        ],
        "specularExponent": 16.0,
        "specularLight": [
            0.10000000149011612,
            0.10000000149011612,
            0.10000000149011612
        ]
    },
    "tfEditor": {
        "dvrUseShading": false,
        "editor": {
            "colorAxis": [
                [
                    54.87086486816406,
                    11.103689193725586,
                    52.784706115722656
                ],
                [
                    54.87086486816406,
                    11.103689193725586,
                    52.784706115722656
                ],
                [
                    99.9999008178711,
                    -0.00035762786865234375,
                    0.0011682510375976563
                ],
                [
                    38.596214294433594,
                    61.57918167114258,
                    -97.3483657836914
                ],
                [
                    38.596214294433594,
                    61.57918167114258,
                    -97.3483657836914
                ]
            ],
            "densityAxisColor": [
                0.0,
                0.14511041343212128,
                0.312302827835083,
                0.7287065982818604,
                1.0
            ],
            "densityAxisOpacity": [
                0.09511041641235352,
                0.14511041343212128,
                0.19511041045188904,
                0.26230281591415405,
                0.312302827835083,
                0.36230283975601196,
                0.6787065863609314,
                0.7287065982818604,
                0.7787066102027893
            ],
            "opacityAxis": [
                0.0,
                0.550000011920929,
                0.0,
                0.0,
                0.5399999618530273,
                0.0,
                0.0,
                1.0,
                0.0
            ]
        },
        "maxDensity": 1.0,
        "minDensity": 1.7992522771237418e-05,
        "opacityScaling": 210.0,
        "showColorControlPoints": true
    },
    "version": 2
}
