{
    "camera": {
        "currentPitch": 14.0,
        "currentYaw": 377.5,
        "fov": 45.0,
        "lookAt": [
            -0.09908828139305115,
            -0.11184760928153992,
            0.09976516664028168
        ],
        "orientation": 5,
        "rotateSpeed": 0.5,
        "zoomSpeed": 1.100000023841858,
        "zoomValue": 2.0
    },
    "dataset": {
        "file": "..\\volumes\\Tooth_8Bit.cvol",
        "mipmap": 0,
        "syntheticDataset": -1,
        "syntheticDatasetResolutionPower": 6
    },
    "renderer": {
        "filterMode": 1,
        "stepsize": 0.20000000298023224,
        "tfMode": 2
    },
    "shading": {
        "ambientLight": [
            0.10000000149011612,
            0.10000000149011612,
            0.10000000149011612
        ],
        "aoStrength": 0.5,
        "diffuseLight": [
            0.800000011920929,
            0.800000011920929,
            0.800000011920929
        ],
        "lightDirection": [
            0.0,
            0.0,
            1.0
        ],
        "materialColor": [
            1.0,
            1.0,
            1.0
        ],
        "specularExponent": 16.0,
        "specularLight": [
            0.10000000149011612,
            0.10000000149011612,
            0.10000000149011612
        ]
    },
    "tfEditor": {
        "dvrUseShading": false,
        "editor": {
            "colorAxis": [
                [
                    99.99986267089844,
                    -0.0007748603820800781,
                    0.0010967254638671875
                ],
                [
                    99.99986267089844,
                    -0.0007748603820800781,
                    0.0010967254638671875
                ],
                [
                    38.596214294433594,
                    61.57918167114258,
                    -97.3483657836914
                ],
                [
                    38.596214294433594,
                    61.57918167114258,
                    -97.3483657836914
                ]
            ],
            "densityAxisColor": [
                0.0,
                0.43533122539520264,
                0.7287065982818604,
                1.0
            ],
            "densityAxisOpacity": [
                0.3853312134742737,
                0.43533122539520264,
                0.4853312373161316,
                0.6787065863609314,
                0.7287065982818604,
                0.7787066102027893
            ],
            "opacityAxis": [
                0.0,
                0.42000001668930054,
                0.0,
                0.0,
                1.0,
                0.0
            ]
        },
        "maxDensity": 1.0,
        "minDensity": 1.7992522771237418e-05,
        "opacityScaling": 203.7969970703125,
        "showColorControlPoints": true
    },
    "version": 2
}
